187;419;192;459;200;498;210;535;223;572;246;605;277;631;312;650;351;656;389;650;423;628;450;599;469;566;480;529;489;491;496;452;500;414;217;388;241;370;272;365;304;369;334;378;363;379;392;369;423;365;452;369;475;385;350;401;351;425;352;448;353;473;325;498;338;503;353;506;367;502;379;497;252;410;268;400;287;400;306;411;286;415;267;416;388;411;404;399;423;399;441;409;425;416;405;415;300;564;320;548;339;539;351;543;363;538;380;545;397;560;381;570;365;578;351;581;338;580;320;575;308;563;338;557;351;558;363;556;389;559;364;556;352;559;339;558
189;414;193;454;200;494;211;535;225;573;248;608;277;637;312;659;354;663;395;656;429;630;456;599;477;564;488;525;496;487;502;448;505;409;219;373;238;354;266;347;293;351;320;362;367;362;395;350;424;346;452;353;473;372;346;393;347;418;348;441;350;465;323;496;338;500;352;503;365;498;378;494;252;409;269;401;288;401;305;409;288;416;268;417;387;409;403;400;422;401;438;408;424;415;405;415;297;562;319;545;342;535;357;538;374;533;397;539;419;549;399;568;377;582;359;586;343;586;320;578;306;562;342;557;358;557;374;555;410;552;375;555;359;558;343;558
188;416;192;457;200;498;212;539;226;577;251;612;281;640;317;660;360;663;399;654;431;629;458;597;478;561;489;522;497;484;501;447;502;409;217;376;237;356;265;349;293;353;321;363;370;364;397;351;425;347;453;354;474;372;348;395;349;419;351;443;354;468;325;498;340;501;356;505;370;499;384;493;249;411;266;402;286;403;305;412;286;418;266;419;386;410;402;400;422;401;439;409;424;416;404;416;297;564;321;547;346;536;362;539;378;533;401;538;423;547;404;566;383;581;365;587;348;587;323;580;307;565;346;559;362;558;379;555;413;550;381;555;364;560;348;560
178;429;185;469;195;506;206;544;219;580;242;614;274;641;311;662;356;667;398;659;432;636;458;604;473;567;482;528;488;490;494;453;494;415;214;380;231;356;257;343;287;339;316;347;362;351;393;346;423;348;450;358;469;377;345;395;348;420;351;444;354;469;324;501;340;505;355;508;370;504;383;499;245;412;261;396;285;395;305;413;285;421;261;422;384;411;401;391;424;391;442;407;427;418;404;418;297;573;316;551;340;539;356;542;371;538;393;547;409;568;394;590;374;602;357;606;339;604;316;596;308;572;340;560;356;560;371;559;398;567;372;571;356;574;340;573
181;430;188;470;198;508;209;546;223;583;246;618;278;645;315;665;359;670;401;661;436;636;462;604;478;567;486;528;492;490;498;453;499;416;216;382;232;359;259;345;288;341;317;349;362;350;392;346;423;348;449;358;470;377;346;398;349;422;351;446;354;470;326;503;341;506;356;509;371;505;384;499;247;416;261;399;285;399;306;416;286;425;262;426;384;413;399;393;423;393;443;408;427;419;403;420;299;576;319;552;343;540;359;542;374;538;396;547;413;567;398;591;378;604;361;608;343;607;320;599;310;574;344;561;359;560;375;560;401;567;376;576;360;578;344;577
187;437;193;474;202;510;214;546;228;580;251;610;281;634;317;650;358;653;398;646;431;625;458;599;476;566;486;530;492;494;498;458;500;422;217;385;234;363;260;348;291;342;320;348;360;347;391;342;422;346;449;358;468;379;345;391;346;415;348;437;350;461;324;496;338;497;351;499;364;496;376;494;253;413;269;403;288;401;305;410;288;416;269;417;384;407;403;399;421;399;437;408;422;413;403;413;293;562;314;544;336;533;351;536;365;532;387;542;408;558;389;571;368;578;353;579;337;579;315;574;303;561;336;552;352;553;366;552;397;557;366;553;352;554;336;553
182;425;185;465;193;504;204;544;218;582;239;619;270;650;306;672;348;678;388;670;422;646;448;613;467;575;479;536;488;497;495;458;497;419;218;365;235;342;261;330;289;334;314;349;370;348;395;333;423;329;450;340;466;364;345;395;346;419;347;443;348;467;321;499;335;503;350;507;363;503;376;499;247;413;264;400;286;399;304;413;285;422;263;423;384;412;403;398;425;397;441;410;427;421;404;421;291;569;310;548;334;536;349;540;364;537;386;548;404;568;388;597;366;611;349;613;332;611;309;600;301;569;334;558;349;558;364;558;393;568;365;579;349;580;333;579
205;398;205;439;208;477;215;516;228;552;249;586;274;616;304;638;338;646;373;641;405;620;432;593;455;563;470;530;482;495;491;459;497;421;231;367;253;351;281;348;310;354;338;364;372;363;401;358;429;359;456;367;473;386;352;393;349;421;346;450;344;479;317;498;329;502;343;507;357;504;371;501;258;397;274;387;295;388;311;401;292;404;272;404;389;406;405;394;426;396;443;409;426;413;405;411;287;553;307;544;328;540;341;545;355;541;376;547;396;555;376;574;355;583;340;585;325;582;305;573;296;554;327;557;341;559;355;558;387;556;355;557;340;559;327;556
204;417;204;455;207;493;216;530;228;564;249;597;273;626;304;647;341;654;378;650;412;630;441;603;463;572;477;539;487;503;494;466;498;426;221;370;239;350;265;345;291;349;317;358;377;360;405;352;433;350;459;359;477;380;345;399;344;427;343;454;342;482;316;503;328;508;342;513;357;508;371;504;250;406;268;394;290;395;307;411;288;416;266;416;387;413;406;398;428;398;443;412;428;419;407;418;285;560;308;549;330;543;345;546;361;542;385;547;407;555;387;574;364;585;346;587;329;586;308;578;295;561;329;561;345;562;362;560;398;557;362;560;346;562;330;560
203;404;204;444;209;483;217;521;228;558;248;592;272;623;303;648;339;656;376;651;408;629;436;601;458;569;472;534;483;497;493;460;498;420;228;367;248;350;276;347;303;352;330;361;376;363;403;356;431;354;458;361;476;380;351;393;350;421;348;447;347;475;317;486;330;493;345;499;360;494;375;489;255;399;271;388;291;389;309;402;290;403;270;403;390;405;407;394;427;396;444;408;427;410;407;408;294;547;307;522;327;513;344;517;361;514;381;525;391;553;380;581;361;595;342;597;324;593;304;577;303;547;326;532;343;533;360;533;381;552;361;567;343;568;326;565
209;405;208;444;211;481;218;519;228;556;246;592;268;625;296;650;331;661;368;658;404;637;434;611;460;579;476;544;488;507;497;468;503;428;232;368;250;350;278;347;305;352;331;362;376;364;404;357;432;356;459;363;478;383;350;394;347;419;345;444;342;469;314;482;326;489;340;495;357;491;371;485;259;397;277;388;296;388;312;401;293;401;275;401;392;405;411;396;430;397;445;409;429;411;410;408;289;545;303;519;324;510;339;514;356;512;377;523;388;555;375;585;354;600;336;601;318;598;299;580;298;545;323;529;339;530;355;530;379;553;355;569;338;570;321;567
207;419;207;458;211;496;218;534;229;568;247;599;273;627;303;647;341;653;379;649;413;632;441;608;460;580;473;546;483;510;491;473;496;434;227;362;244;341;271;335;298;337;324;347;378;346;405;338;432;340;458;349;474;370;349;395;347;422;345;449;343;476;319;503;331;506;343;509;357;507;369;505;255;405;272;389;296;391;312;411;293;417;269;416;387;413;406;394;430;393;443;411;431;420;408;420;297;576;311;556;330;547;343;551;358;548;380;557;396;580;380;595;360;601;343;601;329;600;311;593;306;576;329;567;343;568;358;567;386;579;359;574;344;575;330;572
199;427;198;464;201;500;208;536;219;569;237;599;261;627;292;647;328;654;366;651;400;635;427;612;449;585;462;554;473;520;483;486;490;450;227;370;246;352;273;345;300;345;328;352;377;354;405;351;432;355;456;366;471;387;349;398;346;424;344;450;341;477;315;502;326;505;339;509;353;507;365;505;253;407;271;395;293;395;308;411;290;416;269;415;386;416;406;403;427;404;440;419;426;425;405;423;281;567;299;548;321;539;338;544;354;540;375;551;389;572;373;588;352;594;334;594;317;592;296;585;291;566;320;560;337;561;353;561;380;570;353;565;336;566;320;564
189;413;191;454;195;493;202;534;211;572;234;606;267;630;305;647;349;651;392;646;430;627;462;602;484;569;494;531;500;493;504;455;506;414;216;383;233;360;262;351;291;358;318;371;370;370;399;360;430;355;459;366;477;388;344;399;342;423;341;446;340;471;315;495;329;499;343;501;358;498;373;495;252;408;268;399;288;399;306;410;288;416;268;416;386;410;403;400;423;401;439;410;423;417;403;415;291;556;313;542;333;533;350;537;368;531;389;537;412;546;392;560;371;567;353;570;335;569;315;566;301;555;333;548;351;549;368;546;403;546;369;548;352;550;335;549
186;410;185;452;186;495;190;539;201;582;223;623;253;660;291;686;338;694;383;687;424;662;458;629;483;593;497;553;506;513;511;473;514;431;210;385;226;355;258;343;292;347;323;362;369;365;405;352;442;351;476;367;493;402;347;394;346;421;345;449;345;478;311;500;327;503;343;508;360;504;377;502;246;399;264;387;284;389;302;405;282;405;262;404;395;410;415;397;435;398;452;410;435;414;415;413;257;551;289;544;321;541;343;546;366;541;396;547;426;557;395;583;364;598;340;601;316;598;285;583;266;553;320;550;343;553;366;550;416;557;365;580;341;583;318;579
184;434;186;474;191;514;199;554;211;593;234;626;266;653;304;670;347;674;391;669;428;651;460;625;481;594;492;556;500;517;505;479;509;440;212;386;228;358;258;345;290;349;320;362;365;362;398;349;432;346;465;360;482;391;344;394;343;420;343;445;343;472;316;501;330;503;343;506;356;504;369;502;244;406;261;392;284;393;301;410;282;415;260;415;390;411;409;396;432;395;448;411;433;418;410;417;284;570;306;555;328;545;344;550;359;545;381;555;404;570;381;581;361;587;344;588;327;587;307;581;294;570;328;561;344;562;360;561;393;569;360;563;344;564;328;562
188;427;191;468;194;510;198;553;208;593;229;628;262;654;301;672;346;677;390;672;427;654;458;628;480;595;491;557;496;518;501;479;505;439;218;386;236;366;265;359;293;365;321;375;371;376;401;371;429;371;456;379;474;398;347;402;347;424;347;445;348;467;317;501;331;505;347;509;362;505;376;502;245;410;262;399;283;401;304;414;281;418;260;417;384;418;402;405;423;407;441;418;423;423;402;422;284;565;310;553;334;547;352;551;369;546;392;550;417;558;393;570;371;577;352;579;334;578;310;573;293;566;333;562;351;562;369;560;407;559;370;560;352;562;335;561
191;412;192;456;196;499;200;542;209;585;228;623;257;656;293;683;334;693;376;688;413;665;445;635;471;600;486;558;495;514;503;470;509;425;220;384;241;367;270;366;299;374;327;384;372;386;400;380;427;376;455;379;475;395;350;402;350;425;349;448;349;473;313;495;328;501;345;507;362;503;377;499;249;402;267;395;286;396;304;407;285;407;265;407;387;412;404;403;423;405;441;413;423;416;404;415;288;564;304;544;325;536;341;542;360;538;379;549;394;570;376;595;356;608;337;610;319;607;300;593;297;564;324;552;340;554;358;554;383;570;357;581;338;584;322;580
189;437;191;478;194;517;197;559;205;599;225;632;257;658;295;676;340;683;386;678;423;659;454;635;476;603;486;565;491;526;496;487;500;447;219;383;236;357;265;345;295;348;323;360;364;362;396;360;426;364;452;377;466;401;346;402;346;424;347;446;347;470;314;505;330;508;345;512;361;510;375;507;246;413;262;398;285;400;305;417;284;424;260;424;382;420;399;404;422;406;439;422;423;429;400;428;281;577;303;557;326;548;343;553;360;549;380;560;399;580;378;590;358;593;341;593;323;592;302;588;293;575;326;565;342;566;359;567;387;578;358;571;341;571;325;570
191;437;193;478;194;517;197;558;205;597;224;632;255;658;293;678;338;684;385;680;421;662;454;638;475;606;487;568;494;529;500;490;506;450;220;382;235;355;263;342;294;345;321;358;372;360;403;353;434;356;460;371;473;398;349;401;349;424;349;446;349;471;316;507;331;510;346;514;362;512;376;510;247;413;263;399;286;402;307;417;285;423;261;423;383;422;402;407;426;409;443;425;426;431;402;430;280;578;303;560;327;552;342;556;361;553;382;564;403;583;381;594;359;597;341;597;323;595;301;591;291;578;326;568;342;569;360;569;391;582;359;578;341;578;326;576
187;437;189;476;191;515;194;555;201;595;219;629;250;654;286;673;330;680;375;678;412;662;445;640;468;609;480;572;487;532;494;492;500;451;219;374;235;349;262;338;292;340;318;352;369;355;398;348;429;352;455;367;468;395;344;399;344;421;344;443;344;467;311;504;326;508;341;511;356;509;370;507;245;409;263;394;287;396;305;415;285;422;260;421;380;419;401;403;424;404;439;422;424;430;400;428;275;575;298;558;321;550;337;555;355;552;376;563;397;582;374;592;352;593;335;593;317;591;297;587;287;574;320;567;337;568;354;569;386;580;352;576;336;575;320;573
187;419;189;461;192;503;197;545;206;587;226;625;256;658;293;684;336;692;380;685;419;661;453;629;478;593;491;551;496;509;500;466;504;422;212;386;230;365;257;359;284;364;311;375;368;376;396;367;425;365;452;372;469;393;341;400;342;425;342;449;342;476;309;502;325;506;341;511;357;506;372;503;244;408;262;398;283;399;300;412;280;414;260;414;383;413;401;402;420;402;437;412;421;417;402;416;261;554;290;548;319;546;339;550;362;546;389;549;418;553;389;586;361;600;338;603;316;601;288;588;271;558;318;557;339;560;361;558;408;557;361;580;338;584;317;580
193;415;194;459;199;501;203;544;212;587;231;626;260;657;297;680;339;688;383;683;422;661;455;632;480;596;492;555;499;512;506;469;510;427;217;384;237;365;265;362;292;368;320;378;370;378;400;371;429;368;457;374;476;392;346;403;346;427;346;450;346;475;314;506;328;510;343;514;358;512;373;509;245;407;262;396;284;398;303;413;282;416;260;415;386;415;403;401;424;401;444;413;426;420;404;420;278;570;301;560;323;554;339;560;356;555;377;564;401;574;376;586;355;592;337;594;320;592;300;583;288;571;322;571;339;573;356;572;390;575;355;572;338;574;322;571
187;427;189;468;194;509;198;549;207;589;228;622;259;648;296;666;338;672;383;668;420;651;453;628;476;596;488;557;496;517;502;476;506;435;219;388;239;369;268;363;298;366;327;373;363;371;393;369;422;370;449;377;468;394;346;398;347;422;348;446;348;471;312;501;328;504;345;508;362;506;378;503;246;408;263;399;282;399;302;410;281;413;262;413;383;412;399;401;419;403;437;414;419;418;399;416;278;567;301;549;323;541;341;545;359;542;378;551;398;571;376;570;357;572;339;573;321;571;300;568;287;565;322;558;341;559;358;559;389;567;357;553;340;554;323;552
184;421;186;464;190;508;195;552;205;597;224;639;254;675;290;701;333;711;378;706;416;683;448;649;471;609;484;565;491;520;497;475;503;430;215;369;233;345;261;337;289;343;315;356;367;356;396;346;426;345;454;356;469;381;342;397;342;421;341;444;341;469;310;505;325;509;339;512;354;510;368;508;242;406;260;392;282;394;300;412;280;418;257;417;381;414;400;398;423;399;439;414;424;423;401;422;281;585;297;562;319;551;335;556;352;552;374;565;391;589;374;617;353;628;334;629;316;627;295;614;293;585;319;570;335;570;352;571;379;590;352;600;334;602;318;599
186;401;189;442;195;484;200;527;209;568;229;603;255;633;289;654;331;661;373;658;410;639;442;612;466;581;479;542;487;500;496;460;503;418;210;375;233;356;264;353;295;363;326;376;365;379;396;367;428;361;457;366;477;388;344;395;343;419;341;441;340;466;309;492;323;496;338;500;353;497;368;495;244;399;262;390;284;389;302;401;282;406;261;407;387;404;406;395;428;397;444;409;427;414;406;411;275;554;301;549;323;545;337;551;351;547;370;551;394;557;369;569;349;572;334;573;320;571;299;566;284;554;322;558;336;561;351;560;386;558;349;557;336;559;321;556
184;425;187;465;194;503;200;542;207;580;226;615;253;644;286;666;328;674;373;671;411;652;444;626;469;595;480;556;488;516;495;476;502;435;205;382;227;360;259;355;290;361;322;373;365;371;399;360;430;355;461;362;479;388;344;398;343;422;342;447;341;472;309;498;324;503;338;508;354;505;369;501;241;412;260;400;283;399;300;412;281;419;259;420;389;413;409;401;432;401;447;416;432;423;410;421;268;559;294;547;316;542;334;548;352;544;373;553;396;568;371;580;349;585;330;586;311;583;291;575;279;560;315;558;333;561;352;561;385;569;350;561;331;562;313;558
197;416;201;457;208;496;213;535;219;575;237;611;263;641;297;663;342;671;387;665;424;645;457;619;481;588;493;549;499;510;506;470;513;429;212;377;232;355;262;355;292;364;322;375;370;373;403;366;435;361;465;365;486;387;344;396;342;416;341;437;339;460;312;485;326;490;341;495;357;489;373;483;246;409;261;398;283;398;303;406;282;413;261;415;390;407;407;398;430;400;447;411;430;416;409;414;292;562;305;535;324;527;342;532;362;527;383;534;397;561;383;578;363;588;343;590;323;588;305;580;302;560;324;544;343;545;362;543;386;560;362;565;343;567;324;564
188;394;191;436;197;478;200;520;207;561;226;598;252;630;286;655;329;664;373;659;410;639;443;611;469;578;481;539;489;499;497;458;505;416;208;370;230;351;263;353;292;364;322;377;364;379;396;369;427;362;458;364;479;384;341;394;339;416;337;438;335;461;304;482;319;488;334;494;351;489;367;484;244;399;262;389;284;389;301;401;281;405;260;405;385;403;404;394;426;396;442;407;426;411;405;408;281;551;296;531;315;525;334;531;353;525;372;531;386;553;372;574;353;585;333;588;313;586;294;574;290;550;315;541;334;542;353;540;378;552;353;560;334;563;315;560
189;409;192;451;199;492;205;533;212;575;229;613;256;645;292;668;338;673;385;668;423;646;454;617;475;582;486;543;492;502;499;461;503;420;212;357;230;332;262;326;292;331;322;344;365;343;398;330;429;326;461;336;478;363;345;392;344;419;344;446;343;473;314;501;328;505;343;509;358;505;372;501;244;410;260;396;283;397;301;410;282;420;259;421;389;410;408;396;431;397;447;411;432;421;409;420;282;572;302;553;324;545;341;549;359;546;381;555;401;574;380;590;358;596;340;597;321;596;300;590;293;571;324;563;341;564;359;564;390;574;358;571;340;572;322;570
186;412;190;452;195;492;201;533;211;575;232;613;258;648;292;675;336;682;380;676;418;652;451;620;476;585;488;544;494;502;499;462;504;422;205;384;226;359;258;353;291;359;324;370;361;369;397;359;430;356;461;364;481;390;343;397;342;423;341;450;340;478;304;494;321;499;338;506;357;501;375;497;242;410;260;400;281;400;298;410;279;416;259;416;389;412;407;403;428;404;444;415;428;419;408;418;262;549;288;535;316;532;339;536;363;533;391;538;417;553;391;586;362;603;337;606;312;602;285;584;272;551;316;541;338;544;363;542;407;556;362;579;337;583;313;578
183;412;186;454;192;494;197;536;205;577;225;614;254;644;291;665;335;672;379;668;414;647;445;619;467;586;478;548;485;509;494;470;500;431;209;378;232;356;265;352;297;359;330;371;374;372;406;363;436;360;465;367;483;390;351;399;351;424;350;450;350;476;318;500;332;505;346;509;361;506;375;503;244;409;260;397;284;398;303;410;282;418;259;419;393;413;409;402;433;404;449;418;433;426;411;424;285;571;308;554;327;546;344;553;362;549;379;558;397;573;378;585;360;590;342;590;324;588;305;582;295;570;326;562;343;564;361;564;387;573;361;565;343;566;326;563
194;425;198;466;205;507;211;547;220;586;239;622;264;651;297;672;339;677;385;673;423;654;456;628;479;597;491;559;498;520;506;481;514;442;217;379;236;355;267;347;299;349;331;359;362;367;396;360;430;361;461;370;482;394;346;397;346;422;345;446;345;472;315;502;329;505;344;510;360;505;375;502;248;412;263;397;285;398;304;412;284;419;262;421;392;413;410;400;433;403;450;419;433;425;410;422;286;574;307;556;326;548;343;553;361;549;380;557;399;574;379;581;359;583;342;584;324;583;305;581;295;572;325;561;343;563;360;562;390;573;360;561;342;563;325;561
191;428;195;468;203;508;210;548;220;586;240;620;266;650;299;672;341;678;383;673;422;652;455;625;479;593;491;555;498;514;504;474;510;434;208;382;228;357;260;349;293;352;326;363;352;364;389;354;425;354;457;364;480;389;341;401;341;426;341;452;340;479;312;508;326;511;340;515;355;511;369;508;241;416;260;402;283;401;300;416;281;424;258;425;389;415;409;403;431;404;446;419;431;426;409;424;284;578;304;559;322;551;339;557;357;552;376;560;395;578;376;585;358;588;339;590;321;588;303;585;293;576;322;566;339;568;358;566;386;577;357;566;339;567;321;565
197;416;201;461;209;504;217;548;227;591;244;633;269;669;302;695;343;703;386;698;425;674;456;640;478;601;491;557;499;513;507;469;513;425;217;363;234;334;266;326;298;331;328;345;365;345;399;331;434;329;467;342;484;374;347;394;345;418;344;443;343;468;317;500;329;504;342;507;356;504;370;502;248;411;263;398;285;398;305;410;285;419;263;421;391;412;409;400;432;402;448;416;432;424;410;422;295;587;306;558;326;544;341;549;358;546;378;561;391;590;378;618;358;630;340;632;322;629;303;617;304;587;325;566;341;566;357;567;380;589;357;601;340;603;324;600
206;407;207;444;212;481;217;518;225;556;242;591;267;620;298;642;335;651;375;648;411;631;444;607;470;576;484;539;492;500;501;460;506;420;231;384;251;372;276;372;301;378;325;387;369;386;397;379;425;374;452;377;474;391;347;405;345;428;343;451;341;475;317;498;328;502;341;504;355;503;368;502;258;409;275;400;294;400;309;412;292;415;273;415;391;414;409;403;428;404;444;415;428;421;409;419;287;553;307;543;326;537;340;542;354;538;373;545;394;556;372;566;352;572;338;573;323;571;305;565;294;552;325;552;339;554;354;553;386;555;353;552;338;554;325;551
199;415;201;454;207;492;213;530;221;568;241;602;271;630;307;647;350;652;390;646;425;627;453;601;472;570;480;533;487;497;495;462;499;425;225;379;245;362;272;360;298;367;324;379;381;380;407;370;435;366;461;370;479;389;352;406;352;429;351;451;351;474;323;501;337;503;352;506;365;503;379;501;254;412;269;400;290;401;309;417;289;421;267;421;392;418;409;403;430;404;447;417;431;424;410;423;296;558;320;545;341;536;356;539;370;535;390;542;414;549;391;564;371;571;356;573;341;573;320;569;305;558;341;552;355;552;370;550;404;551;371;549;356;551;341;550
204;403;206;442;211;479;216;517;224;556;242;591;267;621;299;644;337;653;378;648;413;629;444;603;469;571;482;535;490;496;498;456;502;416;223;382;242;370;267;371;290;379;313;388;376;389;400;380;425;373;451;374;472;386;342;407;341;430;339;452;337;475;312;492;325;496;339;500;353;497;368;495;256;410;273;402;291;402;306;413;289;414;271;414;388;413;406;403;424;404;441;413;425;416;406;415;287;546;301;530;320;524;337;529;354;525;376;533;396;549;376;571;354;583;336;585;317;582;299;570;295;546;320;538;337;541;354;539;388;549;353;559;336;561;318;557
192;422;193;461;198;499;202;537;209;575;227;609;255;636;291;657;333;664;376;661;412;643;442;618;463;587;473;551;481;514;491;477;496;441;223;374;242;357;268;352;293;357;319;367;387;369;414;364;439;363;463;371;478;391;351;407;350;429;349;450;348;472;319;503;331;506;345;509;359;507;372;505;250;414;266;396;289;399;309;419;287;425;263;425;389;422;407;403;431;404;447;422;431;432;407;431;278;569;303;551;328;542;343;546;358;543;380;554;401;571;378;589;355;594;339;595;322;593;299;587;289;569;326;560;342;560;357;561;390;572;356;569;340;570;325;569
199;406;200;446;207;484;212;523;220;562;239;599;267;629;302;650;342;657;383;652;419;632;448;605;469;572;480;534;488;496;497;459;502;421;224;375;245;360;272;359;298;367;324;379;381;379;408;370;435;364;462;368;481;385;352;407;351;431;350;454;348;478;321;502;333;506;347;509;361;507;374;505;254;411;269;399;290;401;309;417;288;422;267;422;393;418;410;403;432;404;449;417;434;426;411;425;290;563;312;550;332;541;346;546;361;542;379;552;400;565;380;579;360;585;345;586;330;584;310;578;299;563;331;559;346;559;360;559;391;566;360;561;345;561;331;560
193;410;194;452;202;493;208;533;217;575;233;615;260;650;294;675;334;684;373;677;408;654;436;622;456;585;467;545;478;505;490;466;494;424;220;369;238;350;263;345;288;352;313;362;387;364;412;354;437;350;461;358;477;378;349;405;348;428;347;451;345;475;318;502;330;506;344;509;357;508;370;505;251;411;267;395;291;396;308;416;288;423;264;423;389;417;407;399;430;399;446;416;431;427;408;426;287;575;304;552;327;540;342;545;357;542;376;555;393;580;376;611;355;623;338;624;321;622;300;609;297;575;326;559;341;559;356;561;382;580;355;592;340;593;324;591
192;405;195;444;201;482;207;521;216;559;236;592;264;618;299;637;342;643;385;640;423;623;454;598;475;566;485;529;489;489;493;450;494;411;216;381;236;363;265;360;294;365;323;374;363;374;392;365;421;362;449;366;470;384;343;398;343;422;344;446;344;471;314;491;328;495;343;499;358;496;372;493;249;398;267;386;290;387;308;404;288;409;265;408;382;405;400;390;422;389;439;402;425;412;402;412;286;539;308;529;328;524;343;528;357;525;377;530;399;541;377;547;358;550;343;551;328;550;308;547;294;538;328;535;343;537;357;536;391;540;357;534;343;536;328;533
195;422;197;461;202;501;209;542;219;582;237;619;263;654;298;679;340;687;383;682;419;659;448;627;466;592;476;552;483;512;490;470;493;429;220;371;235;346;262;336;289;339;316;350;373;348;400;338;428;338;454;352;467;380;345;396;345;421;345;447;346;473;319;496;331;501;344;505;357;503;369;500;251;405;266;391;289;393;307;410;287;417;264;416;381;413;399;397;422;397;437;413;423;423;400;423;290;567;306;546;328;538;342;542;357;539;378;549;393;572;378;599;357;609;340;611;323;608;302;596;299;568;327;557;341;557;357;558;382;572;356;581;340;582;326;579
194;434;198;473;205;512;210;552;217;591;237;625;263;654;297;677;340;686;383;679;420;659;450;633;472;601;483;562;489;523;495;482;501;441;215;406;231;383;259;375;289;378;318;386;363;385;394;377;425;373;455;382;475;406;340;403;339;428;339;451;338;477;308;494;322;500;338;505;355;501;371;496;247;418;264;410;283;408;300;415;283;418;264;419;387;416;406;411;424;412;441;421;424;422;406;419;289;566;301;541;321;533;339;538;359;533;379;541;391;568;379;588;359;601;338;604;318;601;299;589;297;563;320;551;339;553;359;550;382;565;359;575;339;578;320;575
202;443;205;486;213;529;221;572;230;616;247;658;272;695;306;720;350;728;394;721;431;698;460;663;479;624;489;580;498;538;506;495;510;451;226;387;238;357;265;342;294;342;323;353;379;353;410;343;442;343;470;358;484;389;351;402;350;429;349;456;349;484;323;514;336;518;350;522;364;518;377;515;253;421;267;406;289;406;310;421;290;428;267;430;393;422;411;407;434;408;450;423;435;432;412;430;301;599;312;567;332;555;348;558;366;555;389;568;401;601;390;631;368;645;348;647;330;645;310;631;310;599;333;575;348;574;366;574;391;600;367;615;348;617;332;615
194;399;193;436;195;475;197;515;204;555;221;596;247;633;281;664;328;675;375;672;414;648;444;616;466;576;477;535;485;496;493;456;497;417;215;374;236;357;265;356;293;364;320;377;369;377;399;368;428;365;457;370;477;390;346;401;344;430;343;457;341;487;306;496;322;504;338;512;356;507;372;501;244;404;262;394;283;395;300;408;281;411;260;410;389;414;407;403;427;404;444;416;428;420;408;419;261;541;286;530;316;529;336;535;358;532;386;537;411;549;385;585;355;601;331;603;309;598;281;579;269;544;314;545;335;549;357;548;403;551;356;574;333;576;312;571
